event_id,district,boundary_id,date,source_id,image_id,source_time_start_ms,units,mean_mm,min_mm,max_mm,valid_pixel_count,expected_pixel_count,status,preceding_3d_mm,preceding_7d_mm,retrieved_at
2728,Udupi,76128533B4839184447445,2005-08-31,UCSB-CHG/CHIRPS/DAILY,20050831,1125446400000,mm/day,76.24183483447058,36.16116714477539,144.7340087890625,118,118,available,,,2026-10-03T13:02:35.822115+00:00
2728,Udupi,76128533B4839184447445,2005-09-01,UCSB-CHG/CHIRPS/DAILY,20050901,1125532800000,mm/day,8.64023091429371,0,36.68416213989258,118,118,available,,,2026-10-03T13:02:35.822115+00:00
2728,Udupi,76128533B4839184447445,2005-09-02,UCSB-CHG/CHIRPS/DAILY,20050902,1125619200000,mm/day,15.395071433762373,0,66.7398681640625,118,118,available,,,2026-10-03T13:02:35.822115+00:00
2728,Udupi,76128533B4839184447445,2005-09-03,UCSB-CHG/CHIRPS/DAILY,20050903,1125705600000,mm/day,46.561413538658016,17.77337074279785,67.99815368652344,118,118,available,100.27713718252666,,2026-10-03T13:02:35.822115+00:00
2728,Udupi,76128533B4839184447445,2005-09-04,UCSB-CHG/CHIRPS/DAILY,20050904,1125792000000,mm/day,72.46459647356454,40.75712585449219,102.54853057861328,118,118,available,70.5967158867141,,2026-10-03T13:02:35.822115+00:00
2728,Udupi,76128533B4839184447445,2005-09-05,UCSB-CHG/CHIRPS/DAILY,20050905,1125878400000,mm/day,12.482188483416024,0,24.997846603393555,118,118,available,134.42108144598492,,2026-10-03T13:02:35.822115+00:00
2728,Udupi,76128533B4839184447445,2005-09-06,UCSB-CHG/CHIRPS/DAILY,20050906,1125964800000,mm/day,1.8095708459110584,0,25.072046279907227,118,118,available,131.50819849563857,,2026-10-03T13:02:35.822115+00:00
2728,Udupi,76128533B4839184447445,2005-09-07,UCSB-CHG/CHIRPS/DAILY,20050907,1126051200000,mm/day,18.370913061044984,0,60.54020309448242,118,118,available,86.75635580289162,233.5949065240763,2026-10-03T13:02:41.588667+00:00
2728,Udupi,76128533B4839184447445,2005-09-08,UCSB-CHG/CHIRPS/DAILY,20050908,1126137600000,mm/day,10.81894470069368,6.695957660675049,15.01862621307373,118,118,available,32.662672390372066,175.72398475065071,2026-10-03T13:02:41.588667+00:00
2728,Udupi,76128533B4839184447445,2005-09-09,UCSB-CHG/CHIRPS/DAILY,20050909,1126224000000,mm/day,21.57182859162153,0,48.237770080566406,118,118,available,30.999428607649723,177.90269853705067,2026-10-03T13:02:41.588667+00:00
2728,Udupi,76128533B4839184447445,2005-09-10,UCSB-CHG/CHIRPS/DAILY,20050910,1126310400000,mm/day,7.572410518840208,0,26.073165893554688,118,118,available,50.76168635336019,184.07945569490983,2026-10-03T13:02:41.588667+00:00
2728,Udupi,76128533B4839184447445,2005-09-11,UCSB-CHG/CHIRPS/DAILY,20050911,1126396800000,mm/day,4.4463044182728915,0,27.345151901245117,118,118,available,39.96318381115542,145.09045267509202,2026-10-03T13:02:41.588667+00:00
2728,Udupi,76128533B4839184447445,2005-09-12,UCSB-CHG/CHIRPS/DAILY,20050912,1126483200000,mm/day,0,0,0,118,118,available,33.59054352873463,77.07216061980037,2026-10-03T13:02:41.588667+00:00
2728,Udupi,76128533B4839184447445,2005-09-13,UCSB-CHG/CHIRPS/DAILY,20050913,1126569600000,mm/day,0,0,0,118,118,available,12.0187149371131,64.58997213638435,2026-10-03T13:02:41.588667+00:00
2728,Udupi,76128533B4839184447445,2005-09-14,UCSB-CHG/CHIRPS/DAILY,20050914,1126656000000,mm/day,2.8369861618947176,0,26.831586837768555,118,118,available,4.4463044182728915,62.78040129047329,2026-10-03T13:02:43.399956+00:00
2728,Udupi,76128533B4839184447445,2005-09-15,UCSB-CHG/CHIRPS/DAILY,20050915,1126742400000,mm/day,0,0,0,118,118,available,2.8369861618947176,47.24647439132303,2026-10-03T13:02:43.399956+00:00
2728,Udupi,76128533B4839184447445,2005-09-16,UCSB-CHG/CHIRPS/DAILY,20050916,1126828800000,mm/day,0,0,0,118,118,available,2.8369861618947176,36.42752969062934,2026-10-03T13:02:43.399956+00:00
2728,Udupi,76128533B4839184447445,2005-09-17,UCSB-CHG/CHIRPS/DAILY,20050917,1126915200000,mm/day,0,0,0,118,118,available,2.8369861618947176,14.855701099007817,2026-10-03T13:02:43.399956+00:00
2728,Udupi,76128533B4839184447445,2005-09-18,UCSB-CHG/CHIRPS/DAILY,20050918,1127001600000,mm/day,0,0,0,118,118,available,0,7.283290580167609,2026-10-03T13:02:43.399956+00:00
2728,Udupi,76128533B4839184447445,2005-09-19,UCSB-CHG/CHIRPS/DAILY,20050919,1127088000000,mm/day,21.89042954525705,0,43.95439910888672,118,118,available,0,2.8369861618947176,2026-10-03T13:02:43.399956+00:00
2728,Udupi,76128533B4839184447445,2005-09-20,UCSB-CHG/CHIRPS/DAILY,20050920,1127174400000,mm/day,0,0,0,118,118,available,21.89042954525705,24.727415707151767,2026-10-03T13:02:43.399956+00:00
2728,Udupi,76128533B4839184447445,2005-09-21,UCSB-CHG/CHIRPS/DAILY,20050921,1127260800000,mm/day,14.143918522333694,0,48.80531311035156,118,118,available,21.89042954525705,24.727415707151767,2026-10-03T13:02:45.035275+00:00
2728,Udupi,76128533B4839184447445,2005-09-22,UCSB-CHG/CHIRPS/DAILY,20050922,1127347200000,mm/day,0,0,0,118,118,available,36.03434806759074,36.03434806759074,2026-10-03T13:02:45.035275+00:00
2728,Udupi,76128533B4839184447445,2005-09-23,UCSB-CHG/CHIRPS/DAILY,20050923,1127433600000,mm/day,0,0,0,118,118,available,14.143918522333694,36.03434806759074,2026-10-03T13:02:45.035275+00:00
2728,Udupi,76128533B4839184447445,2005-09-24,UCSB-CHG/CHIRPS/DAILY,20050924,1127520000000,mm/day,0,0,0,118,118,available,14.143918522333694,36.03434806759074,2026-10-03T13:02:45.035275+00:00
2728,Udupi,76128533B4839184447445,2005-09-25,UCSB-CHG/CHIRPS/DAILY,20050925,1127606400000,mm/day,0,0,0,118,118,available,0,36.03434806759074,2026-10-03T13:02:45.035275+00:00
2728,Udupi,76128533B4839184447445,2005-09-26,UCSB-CHG/CHIRPS/DAILY,20050926,1127692800000,mm/day,0,0,0,118,118,available,0,36.03434806759074,2026-10-03T13:02:45.035275+00:00
2728,Udupi,76128533B4839184447445,2005-09-27,UCSB-CHG/CHIRPS/DAILY,20050927,1127779200000,mm/day,0,0,0,118,118,available,0,14.143918522333694,2026-10-03T13:02:45.035275+00:00
2728,Udupi,76128533B4839184447445,2005-09-28,UCSB-CHG/CHIRPS/DAILY,20050928,1127865600000,mm/day,0,0,0,118,118,available,0,14.143918522333694,2026-10-03T13:02:46.881218+00:00
2728,Udupi,76128533B4839184447445,2005-09-29,UCSB-CHG/CHIRPS/DAILY,20050929,1127952000000,mm/day,0,0,0,118,118,available,0,0,2026-10-03T13:02:46.881218+00:00
2728,Udupi,76128533B4839184447445,2005-09-30,UCSB-CHG/CHIRPS/DAILY,20050930,1128038400000,mm/day,0,0,0,118,118,available,0,0,2026-10-03T13:02:46.881218+00:00
3551,Udupi,76128533B4839184447445,2009-09-11,UCSB-CHG/CHIRPS/DAILY,20090911,1252627200000,mm/day,0,0,0,118,118,available,,,2026-10-03T13:02:53.209270+00:00
3551,Udupi,76128533B4839184447445,2009-09-12,UCSB-CHG/CHIRPS/DAILY,20090912,1252713600000,mm/day,0.3952124401674432,0,5.256497383117676,118,118,available,,,2026-10-03T13:02:53.209270+00:00
3551,Udupi,76128533B4839184447445,2009-09-13,UCSB-CHG/CHIRPS/DAILY,20090913,1252800000000,mm/day,6.160977985899327,0,16.048553466796875,118,118,available,,,2026-10-03T13:02:53.209270+00:00
3551,Udupi,76128533B4839184447445,2009-09-14,UCSB-CHG/CHIRPS/DAILY,20090914,1252886400000,mm/day,18.534337876206738,9.363967895507812,35.54645919799805,118,118,available,6.55619042606677,,2026-10-03T13:02:53.209270+00:00
3551,Udupi,76128533B4839184447445,2009-09-15,UCSB-CHG/CHIRPS/DAILY,20090915,1252972800000,mm/day,1.1621894391916565,0,8.03809928894043,118,118,available,25.09052830227351,,2026-10-03T13:02:53.209270+00:00
3551,Udupi,76128533B4839184447445,2009-09-16,UCSB-CHG/CHIRPS/DAILY,20090916,1253059200000,mm/day,3.458145507311417,0,12.495726585388184,118,118,available,25.85750530129772,,2026-10-03T13:02:53.209270+00:00
3551,Udupi,76128533B4839184447445,2009-09-17,UCSB-CHG/CHIRPS/DAILY,20090917,1253145600000,mm/day,10.72283033193168,2.9762723445892334,22.604873657226562,118,118,available,23.154672822709813,,2026-10-03T13:02:53.209270+00:00
3551,Udupi,76128533B4839184447445,2009-09-18,UCSB-CHG/CHIRPS/DAILY,20090918,1253232000000,mm/day,13.116886543015303,5.826778411865234,23.013107299804688,118,118,available,15.343165278434753,40.433693580708265,2026-10-03T13:02:54.878983+00:00
3551,Udupi,76128533B4839184447445,2009-09-19,UCSB-CHG/CHIRPS/DAILY,20090919,1253318400000,mm/day,1.8442655276443998,0,7.34963846206665,118,118,available,27.2978623822584,53.55058012372356,2026-10-03T13:02:54.878983+00:00
3551,Udupi,76128533B4839184447445,2009-09-20,UCSB-CHG/CHIRPS/DAILY,20090920,1253404800000,mm/day,7.198790443145622,0,14.89726734161377,118,118,available,25.683982402591383,54.999633211200525,2026-10-03T13:02:54.878983+00:00
3551,Udupi,76128533B4839184447445,2009-09-21,UCSB-CHG/CHIRPS/DAILY,20090921,1253491200000,mm/day,29.528086613800568,15.997756958007812,49.050628662109375,118,118,available,22.159942513805326,56.037445668446814,2026-10-03T13:02:54.878983+00:00
3551,Udupi,76128533B4839184447445,2009-09-22,UCSB-CHG/CHIRPS/DAILY,20090922,1253577600000,mm/day,21.993968583769718,8.42904281616211,51.487823486328125,118,118,available,38.57114258459059,67.03119440604064,2026-10-03T13:02:54.878983+00:00
3551,Udupi,76128533B4839184447445,2009-09-23,UCSB-CHG/CHIRPS/DAILY,20090923,1253664000000,mm/day,10.625827171034732,0,25.49034881591797,118,118,available,58.72084564071591,87.8629735506187,2026-10-03T13:02:54.878983+00:00
3551,Udupi,76128533B4839184447445,2009-09-24,UCSB-CHG/CHIRPS/DAILY,20090924,1253750400000,mm/day,14.775391376624674,0,31.264915466308594,118,118,available,62.14788236860502,95.03065521434202,2026-10-03T13:02:54.878983+00:00
3551,Udupi,76128533B4839184447445,2009-09-25,UCSB-CHG/CHIRPS/DAILY,20090925,1253836800000,mm/day,2.2738453816559354,0,17.753887176513672,118,118,available,47.395187131429125,99.08321625903501,2026-10-03T13:02:55.483892+00:00
3551,Udupi,76128533B4839184447445,2009-09-26,UCSB-CHG/CHIRPS/DAILY,20090926,1253923200000,mm/day,9.129269607996536,0,22.868314743041992,118,118,available,27.675063929315343,88.24017509767565,2026-10-03T13:02:55.483892+00:00
3551,Udupi,76128533B4839184447445,2009-09-27,UCSB-CHG/CHIRPS/DAILY,20090927,1254009600000,mm/day,0.31498321436219295,0,10.034806251525879,118,118,available,26.178506366277144,95.52517917802778,2026-10-03T13:02:55.483892+00:00
3551,Udupi,76128533B4839184447445,2009-09-28,UCSB-CHG/CHIRPS/DAILY,20090928,1254096000000,mm/day,0,0,0,118,118,available,11.718098204014664,88.64137194924436,2026-10-03T13:02:55.483892+00:00
3551,Udupi,76128533B4839184447445,2009-09-29,UCSB-CHG/CHIRPS/DAILY,20090929,1254182400000,mm/day,12.241396273596813,0,35.687068939208984,118,118,available,9.44425282235873,59.113285335443784,2026-10-03T13:02:55.483892+00:00
3551,Udupi,76128533B4839184447445,2009-09-30,UCSB-CHG/CHIRPS/DAILY,20090930,1254268800000,mm/day,43.834135508133194,17.283248901367188,73.05899047851562,118,118,available,12.556379487959006,49.36071302527088,2026-10-03T13:02:55.483892+00:00
3551,Udupi,76128533B4839184447445,2009-10-01,UCSB-CHG/CHIRPS/DAILY,20091001,1254355200000,mm/day,65.33618669994807,19.164073944091797,111.69642639160156,118,118,available,56.07553178173001,82.56902136236934,2026-10-03T13:02:55.483892+00:00
3551,Udupi,76128533B4839184447445,2009-10-02,UCSB-CHG/CHIRPS/DAILY,20091002,1254441600000,mm/day,78.34913399259923,46.72506332397461,107.00199127197266,118,118,available,121.41171848167808,133.12981668569273,2026-10-03T13:02:57.224268+00:00
3551,Udupi,76128533B4839184447445,2009-10-03,UCSB-CHG/CHIRPS/DAILY,20091003,1254528000000,mm/day,71.89558064735542,16.784713745117188,109.025146484375,118,118,available,187.5194562006805,209.20510529663605,2026-10-03T13:02:57.224268+00:00
3551,Udupi,76128533B4839184447445,2009-10-04,UCSB-CHG/CHIRPS/DAILY,20091004,1254614400000,mm/day,0,0,0,118,118,available,215.5809013399027,271.97141633599495,2026-10-03T13:02:57.224268+00:00
3551,Udupi,76128533B4839184447445,2009-10-05,UCSB-CHG/CHIRPS/DAILY,20091005,1254700800000,mm/day,0,0,0,118,118,available,150.24471463995465,271.65643312163274,2026-10-03T13:02:57.224268+00:00
3551,Udupi,76128533B4839184447445,2009-10-06,UCSB-CHG/CHIRPS/DAILY,20091006,1254787200000,mm/day,0,0,0,118,118,available,71.89558064735542,271.65643312163274,2026-10-03T13:02:57.224268+00:00
3551,Udupi,76128533B4839184447445,2009-10-07,UCSB-CHG/CHIRPS/DAILY,20091007,1254873600000,mm/day,0,0,0,118,118,available,0,259.4150368480359,2026-10-03T13:02:57.224268+00:00
3551,Udupi,76128533B4839184447445,2009-10-08,UCSB-CHG/CHIRPS/DAILY,20091008,1254960000000,mm/day,0,0,0,118,118,available,0,215.5809013399027,2026-10-03T13:02:57.224268+00:00
3551,Udupi,76128533B4839184447445,2009-10-09,UCSB-CHG/CHIRPS/DAILY,20091009,1255046400000,mm/day,0,0,0,118,118,available,0,150.24471463995465,2026-10-03T13:02:58.862468+00:00
3551,Udupi,76128533B4839184447445,2009-10-10,UCSB-CHG/CHIRPS/DAILY,20091010,1255132800000,mm/day,0,0,0,118,118,available,0,71.89558064735542,2026-10-03T13:02:58.862468+00:00
3551,Udupi,76128533B4839184447445,2009-10-11,UCSB-CHG/CHIRPS/DAILY,20091011,1255219200000,mm/day,0,0,0,118,118,available,0,0,2026-10-03T13:02:58.862468+00:00
3551,Udupi,76128533B4839184447445,2009-10-12,UCSB-CHG/CHIRPS/DAILY,20091012,1255305600000,mm/day,8.318781060687567,3.238983154296875,18.29724884033203,118,118,available,0,0,2026-10-03T13:02:58.862468+00:00
